<RSAKeyValue><Modulus>9ytJCZ22ZGyFTRrxUr1NXsI4tKJhDsWVad/Unfj/lrF2ysayEDLJY3iDO1gGeSMdwkVcfkTm6CIB73/fl2ZlCn9qhr+E65v/E6ibJaZ275eHGS5f0I2DnZ14MVDa/4FJnwoxqX9zT73BJVlxYcXK5zQZJUSg8jG+gzbli8SBfnM=</Modulus><Exponent>AQAB</Exponent><P>/LzEMxAtAWmIcYTt6beNhbInZ8JEBD77cKCp8aC87d69m/CDQyMEf3beopTo+2T+JCIkyolpvx05xomTgm8tYQ==</P><Q>+lwd+w5xmeGoZbsRfCnhf71LjtzJ8sWdVa/bTI6YXx3lImY9BEFxx3oepazrx69K6UMkt+npWOVptkjjbELIUw==</Q><DP>uLDpX7dubB3Gy84sXiL4lL7/9N8N/VxZOpDuH9kqt1mSjiZQhftNCii/wWe4ah3/akBZSnjogfTFh8R5u1OrgQ==</DP><DQ>Uai6HqkXZJm103iwu07tvjx/6JkbRZQvPUOew9m+2Udm9VFjlX/DHM04MdG1FeyXAn5j+5jQA67QTCR6CVW/AQ==</DQ><InverseQ>vMqmnVMlcWDWAybfOubquFn5hUFipLJhnla39HKPJDZSWCp9oZOFVFXlsUmMBfBlJ3/syYBBzBpUn4dDCel42Q==</InverseQ><D>NR7rapKnsXuVRpYEyXh/2V66my/O1kLmssN1SaJLJBLt6fS8LjkMCUHMSoPHmF9QtQD9OPIMAlXUvqln330VN7k8erb5GpGNF7FQ+q6ksuYzCPkwh2Ga2Op4z0WP+VuWNB8FZFw07M3ZPNM8ufycTO8adp+L+IaqVxIBqdet68E=</D></RSAKeyValue>